Namespace(batch_size=128, dataset='MiniImageNet', dataset_device='cuda:0', dataset_path='/users/local/datasets/', dataset_size=-1, deterministic=False, device='cuda:0', devices=[0], episodes_per_epoch=100, episodic=False, epochs=120, feature_maps=64, gamma=0.2, load_model='', lr=0.1, manifold_mixup=0, milestones='[]', mixup=False, model='resnet12', n_queries=15, n_runs=10000, n_shots=1, n_ways=5, ncm_loss=False, output='results/res13.csv', preprocessing='EME', quiet=False, rotations=False, runs=1, save_features='features/proj_feat', save_model='', seed=794432219, skip_epochs=0, temperature=1.0, test_features='')Namespace(batch_size=128, dataset='MiniImageNet', dataset_device='cuda:0', dataset_path='/users/local/datasets/', dataset_size=-1, deterministic=False, device='cuda:0', devices=[0], episodes_per_epoch=100, episodic=False, epochs=1, feature_maps=64, gamma=0.2, load_model='', lr=0.1, manifold_mixup=0, milestones='[]', mixup=False, model='resnet12', n_queries=15, n_runs=10000, n_shots=1, n_ways=5, ncm_loss=False, output='results/res13.csv', preprocessing='EME', quiet=False, rotations=False, runs=1, save_features='features/proj_feat', save_model='', seed=488786529, skip_epochs=0, temperature=1.0, test_features='')Namespace(batch_size=128, dataset='MiniImageNet', dataset_device='cuda:0', dataset_path='/users/local/datasets/', dataset_size=-1, deterministic=False, device='cuda:0', devices=[0], episodes_per_epoch=100, episodic=False, epochs=1, feature_maps=64, gamma=0.2, load_model='', lr=0.1, manifold_mixup=0, milestones='[]', mixup=False, model='resnet12', n_queries=15, n_runs=10000, n_shots=1, n_ways=5, ncm_loss=False, output='results/res13.csv', preprocessing='EME', quiet=False, rotations=False, runs=1, save_features='features/proj_feat', save_model='', seed=250855694, skip_epochs=0, temperature=1.0, test_features='')Namespace(batch_size=128, dataset='MiniImageNet', dataset_device='cuda:0', dataset_path='/users/local/datasets/', dataset_size=-1, deterministic=False, device='cuda:0', devices=[0], episodes_per_epoch=100, episodic=False, epochs=1, feature_maps=64, gamma=0.2, load_model='', lr=0.1, manifold_mixup=0, milestones='[]', mixup=False, model='resnet12', n_queries=15, n_runs=10000, n_shots=1, n_ways=5, ncm_loss=False, output='results/res13.csv', preprocessing='EME', quiet=False, rotations=False, runs=1, save_features='features/proj_feat', save_model='', seed=775873802, skip_epochs=0, temperature=1.0, test_features='')Namespace(batch_size=128, dataset='MiniImageNet', dataset_device='cuda:0', dataset_path='/users/local/datasets/', dataset_size=-1, deterministic=False, device='cuda:0', devices=[0], episodes_per_epoch=100, episodic=False, epochs=1, feature_maps=64, gamma=0.2, load_model='', lr=0.1, manifold_mixup=0, milestones='[]', mixup=False, model='resnet12', n_queries=15, n_runs=10000, n_shots=1, n_ways=5, ncm_loss=False, output='results/res13.csv', preprocessing='EME', quiet=False, rotations=False, runs=1, save_features='features/proj_feat', save_model='', seed=209951531, skip_epochs=0, temperature=1.0, test_features='')Namespace(batch_size=128, dataset='MiniImageNet', dataset_device='cuda:0', dataset_path='/users/local/datasets/', dataset_size=-1, deterministic=False, device='cuda:0', devices=[0], episodes_per_epoch=100, episodic=False, epochs=1, feature_maps=64, gamma=0.2, load_model='', lr=0.1, manifold_mixup=0, milestones='[]', mixup=False, model='resnet12', n_queries=15, n_runs=10000, n_shots=1, n_ways=5, ncm_loss=False, output='results/res13.csv', preprocessing='EME', quiet=False, rotations=False, runs=1, save_features='features/proj_feat', save_model='', seed=837133634, skip_epochs=0, temperature=1.0, test_features='')Namespace(batch_size=128, dataset='MiniImageNet', dataset_device='cuda:0', dataset_path='/users/local/datasets/', dataset_size=-1, deterministic=False, device='cuda:0', devices=[0], episodes_per_epoch=100, episodic=False, epochs=1, feature_maps=64, gamma=0.2, load_model='', lr=0.1, manifold_mixup=0, milestones='[]', mixup=False, model='resnet12', n_queries=15, n_runs=10000, n_shots=1, n_ways=5, ncm_loss=False, output='results/res13.csv', preprocessing='EME', quiet=False, rotations=False, runs=1, save_features='features/proj_feat', save_model='', seed=355672677, skip_epochs=0, temperature=1.0, test_features='')Namespace(batch_size=128, dataset='MiniImageNet', dataset_device='cuda:0', dataset_path='/users/local/datasets/', dataset_size=-1, deterministic=False, device='cuda:0', devices=[0], episodes_per_epoch=100, episodic=False, epochs=1, feature_maps=64, gamma=0.2, load_model='', lr=0.1, manifold_mixup=0, milestones='[]', mixup=False, model='resnet12', n_queries=15, n_runs=10000, n_shots=1, n_ways=5, ncm_loss=False, output='results/res13.csv', preprocessing='EME', quiet=False, rotations=False, runs=1, save_features='features/proj_feat', save_model='', seed=133089986, skip_epochs=0, temperature=1.0, test_features='')Namespace(batch_size=128, dataset='MiniImageNet', dataset_device='cuda:0', dataset_path='/users/local/datasets/', dataset_size=-1, deterministic=False, device='cuda:0', devices=[0], episodes_per_epoch=100, episodic=False, epochs=1, feature_maps=64, gamma=0.2, load_model='', lr=0.1, manifold_mixup=0, milestones='[]', mixup=False, model='resnet12', n_queries=15, n_runs=10000, n_shots=1, n_ways=5, ncm_loss=False, output='results/res13.csv', preprocessing='EME', quiet=False, rotations=False, runs=1, save_features='features/proj_feat', save_model='', seed=590960329, skip_epochs=0, temperature=1.0, test_features='')Namespace(batch_size=128, dataset='MiniImageNet', dataset_device='cuda:0', dataset_path='/users/local/datasets/', dataset_size=-1, deterministic=False, device='cuda:0', devices=[0], episodes_per_epoch=100, episodic=False, epochs=1, feature_maps=64, gamma=0.2, load_model='', lr=0.1, manifold_mixup=0, milestones='[]', mixup=False, model='resnet12', n_queries=15, n_runs=10000, n_shots=1, n_ways=5, ncm_loss=False, output='results/res13.csv', preprocessing='EME', quiet=False, rotations=False, runs=1, save_features='features/proj_feat', save_model='', seed=84332951, skip_epochs=0, temperature=1.0, test_features='')Namespace(batch_size=128, dataset='MiniImageNet', dataset_device='cuda:0', dataset_path='/users/local/datasets/', dataset_size=-1, deterministic=False, device='cuda:0', devices=[0], episodes_per_epoch=100, episodic=False, epochs=1, feature_maps=64, gamma=0.2, load_model='', lr=0.1, manifold_mixup=0, milestones='[]', mixup=False, model='resnet12', n_queries=15, n_runs=10000, n_shots=1, n_ways=5, ncm_loss=False, output='results/res13.csv', preprocessing='EME', quiet=False, rotations=False, runs=1, save_features='features/proj_feat', save_model='', seed=273624349, skip_epochs=0, temperature=1.0, test_features='')Namespace(batch_size=128, dataset='MiniImageNet', dataset_device='cuda:0', dataset_path='/users/local/datasets/', dataset_size=-1, deterministic=False, device='cuda:0', devices=[0], episodes_per_epoch=100, episodic=False, epochs=1, feature_maps=64, gamma=0.2, load_model='', lr=0.1, manifold_mixup=0, milestones='[]', mixup=False, model='resnet12', n_queries=15, n_runs=10000, n_shots=1, n_ways=5, ncm_loss=False, output='results/res13.csv', preprocessing='EME', quiet=False, rotations=False, runs=1, save_features='features/proj_feat', save_model='', seed=544256339, skip_epochs=0, temperature=1.0, test_features='')Namespace(batch_size=128, dataset='MiniImageNet', dataset_device='cuda:0', dataset_path='/users/local/datasets/', dataset_size=-1, deterministic=False, device='cuda:0', devices=[0], episodes_per_epoch=100, episodic=False, epochs=1, feature_maps=64, gamma=0.2, load_model='', lr=0.1, manifold_mixup=0, milestones='[]', mixup=False, model='resnet12', n_queries=15, n_runs=10000, n_shots=1, n_ways=5, ncm_loss=False, output='results/res13.csv', preprocessing='EME', quiet=False, rotations=False, runs=1, save_features='features/proj_feat', save_model='', seed=609093724, skip_epochs=0, temperature=1.0, test_features='')Namespace(batch_size=128, dataset='MiniImageNet', dataset_device='cuda:0', dataset_path='/users/local/datasets/', dataset_size=-1, deterministic=False, device='cuda:0', devices=[0], episodes_per_epoch=100, episodic=False, epochs=1, feature_maps=64, gamma=0.2, load_model='', lr=0.1, manifold_mixup=0, milestones='[]', mixup=False, model='resnet12', n_queries=15, n_runs=10000, n_shots=1, n_ways=5, ncm_loss=False, output='results/res13.csv', preprocessing='EME', quiet=False, rotations=False, runs=1, save_features='features/proj_feat', save_model='', seed=825175105, skip_epochs=0, temperature=1.0, test_features='')Namespace(batch_size=128, dataset='MiniImageNet', dataset_device='cuda:0', dataset_path='/users/local/datasets/', dataset_size=-1, deterministic=False, device='cuda:0', devices=[0], episodes_per_epoch=100, episodic=False, epochs=1, feature_maps=64, gamma=0.2, load_model='', lr=0.1, manifold_mixup=0, milestones='[]', mixup=False, model='resnet12', n_queries=15, n_runs=10000, n_shots=1, n_ways=5, ncm_loss=False, output='results/res13.csv', preprocessing='EME', quiet=False, rotations=False, runs=1, save_features='features/proj_feat', save_model='', seed=707745194, skip_epochs=0, temperature=1.0, test_features='')Namespace(batch_size=128, dataset='MiniImageNet', dataset_device='cuda:0', dataset_path='/users/local/datasets/', dataset_size=-1, deterministic=False, device='cuda:0', devices=[0], episodes_per_epoch=100, episodic=False, epochs=1, feature_maps=64, gamma=0.2, load_model='', lr=0.1, manifold_mixup=0, milestones='[]', mixup=False, model='resnet12', n_queries=15, n_runs=10000, n_shots=1, n_ways=5, ncm_loss=False, output='results/res13.csv', preprocessing='EME', quiet=False, rotations=False, runs=1, save_features='features/proj_feat', save_model='', seed=255844893, skip_epochs=0, temperature=1.0, test_features='')Namespace(batch_size=128, dataset='MiniImageNet', dataset_device='cuda:0', dataset_path='/users/local/datasets/', dataset_size=-1, deterministic=False, device='cuda:0', devices=[0], episodes_per_epoch=100, episodic=False, epochs=1, feature_maps=64, gamma=0.2, load_model='', lr=0.1, manifold_mixup=0, milestones='[]', mixup=False, model='resnet12', n_queries=15, n_runs=10000, n_shots=1, n_ways=5, ncm_loss=False, output='results/res13.csv', preprocessing='EME', quiet=False, rotations=False, runs=1, save_features='features/proj_feat', save_model='', seed=883880885, skip_epochs=0, temperature=1.0, test_features=''), {'val_run_classes_1': [tensor([[ 6,  1,  9,  2,  3],
        [ 6, 13, 11, 12, 10],
        [13,  0,  4, 15,  9],
        ...,
        [ 7,  1,  2, 12,  8],
        [10,  3, 15,  5,  7],
        [ 1, 11, 12, 14, 15]], device='cuda:0')], 'val_run_indices_1': [tensor([[[251, 297,  59,  ..., 535, 365,  22],
         [532, 389, 255,  ..., 311, 544, 280],
         [  5, 159, 110,  ..., 129, 348, 492],
         [156, 264, 340,  ..., 141, 433,  25],
         [399, 582,  84,  ..., 537, 267, 211]],

        [[331, 316, 221,  ..., 128, 480, 519],
         [ 48, 472, 132,  ..., 432,  78, 321],
         [397, 527, 273,  ..., 233, 126, 143],
         [181, 583,  57,  ..., 111, 556, 520],
         [ 39, 553, 239,  ..., 264, 165, 469]],

        [[591, 446,  79,  ..., 151, 411, 544],
         [455, 328, 568,  ..., 255,  27, 129],
         [167,  26, 348,  ..., 425,  93,  19],
         [333, 429, 326,  ..., 228, 356, 409],
         [230, 376, 127,  ..., 270, 363, 262]],

        ...,

        [[281, 189, 555,  ..., 102, 454,  34],
         [255, 160, 258,  ..., 118, 221, 454],
         [133, 216, 511,  ..., 141, 410, 566],
         [485, 125, 374,  ..., 392, 129, 109],
         [203, 260, 552,  ..., 442, 570, 512]],

        [[517, 442, 527,  ..., 437, 516,  76],
         [107, 271, 106,  ...,  18, 131, 414],
         [ 49, 322,  19,  ..., 316, 436, 254],
         [108, 422,  97,  ...,  70, 325, 389],
         [297, 564, 484,  ..., 256, 540, 406]],

        [[ 64, 317, 147,  ..., 519, 468, 269],
         [370, 224, 129,  ..., 339,  73, 175],
         [564, 381,   5,  ..., 402, 380, 196],
         [244, 599, 432,  ..., 180, 424, 323],
         [412, 165,  72,  ..., 539,  43,  95]]], device='cuda:0')], 'novel_run_classes_1': [tensor([[14,  3, 15, 11,  5],
        [ 7, 19, 16, 10,  2],
        [ 0, 10,  9,  7,  3],
        ...,
        [ 5,  4,  6,  7,  2],
        [ 9,  8,  2, 10,  1],
        [ 5, 16, 17, 18, 15]], device='cuda:0')], 'novel_run_indices_1': [tensor([[[280, 416, 222,  ..., 230, 306, 302],
         [285,  65, 410,  ..., 314, 473, 586],
         [462, 382,  65,  ..., 433, 195, 388],
         [527, 335, 160,  ..., 288, 494, 560],
         [530, 248, 309,  ..., 296, 337, 416]],

        [[245, 534, 304,  ..., 530, 268,  67],
         [551, 434, 443,  ..., 568,  10,  77],
         [582, 436, 192,  ..., 542, 234, 446],
         [ 81, 338, 595,  ..., 344, 255, 195],
         [128, 146, 517,  ...,  35, 349, 209]],

        [[ 87, 543, 433,  ..., 554,  16, 160],
         [413, 283, 414,  ..., 399, 117, 337],
         [414, 307, 430,  ..., 581, 580, 472],
         [258, 181, 456,  ...,  41, 437, 277],
         [489, 471, 502,  ..., 264, 434,  52]],

        ...,

        [[ 84, 142, 186,  ..., 196, 446, 386],
         [194, 131,  29,  ..., 470,  78, 285],
         [110, 261,   0,  ..., 363, 174, 125],
         [507, 418, 588,  ..., 173,  67,  31],
         [ 97, 195, 180,  ..., 170, 135, 289]],

        [[ 64, 550, 230,  ..., 153, 482,  79],
         [128, 598, 166,  ..., 199, 505,  53],
         [302, 177, 518,  ...,  42, 571,  18],
         [498, 160, 417,  ...,  48, 194, 483],
         [587, 169, 513,  ..., 255, 106, 374]],

        [[280, 338, 483,  ..., 547, 102,  63],
         [199, 599, 248,  ..., 289, 593,  79],
         [404, 473, 209,  ..., 531, 406, 366],
         [302, 399, 236,  ..., 387, 216, 197],
         [404, 261, 382,  ..., 429,  30, 545]]], device='cuda:0')], 'val_run_classes_5': [tensor([[ 3, 14,  8,  4, 11],
        [ 1, 11, 10,  2,  5],
        [15,  2, 10,  8,  7],
        ...,
        [12,  1,  9,  2, 13],
        [ 0,  9, 10, 15,  3],
        [ 9,  6,  7, 13, 10]], device='cuda:0')], 'val_run_indices_5': [tensor([[[281, 264, 412,  ...,  86, 547, 221],
         [ 18, 154, 274,  ...,  84, 105, 237],
         [431, 416, 166,  ..., 410, 394, 550],
         [368, 478, 150,  ..., 456, 590, 184],
         [218, 354, 336,  ..., 138, 163, 526]],

        [[484, 173, 256,  ..., 189, 177, 474],
         [317, 377, 529,  ...,  70,  72,  47],
         [550, 310, 539,  ..., 296, 110, 367],
         [258, 189, 406,  ..., 437, 204, 343],
         [ 57, 444,  41,  ...,  58, 112, 383]],

        [[469, 187,  48,  ...,  67, 326, 400],
         [ 56,  51, 435,  ..., 121, 362,  81],
         [559, 404,  53,  ..., 350, 482, 337],
         [383, 487, 254,  ..., 525,  98,  72],
         [345, 104,  33,  ..., 337,  99, 485]],

        ...,

        [[501, 464, 100,  ..., 346, 248, 125],
         [307, 203, 266,  ..., 236, 591, 476],
         [ 42, 108, 223,  ...,  50, 358, 368],
         [446, 393, 247,  ..., 360, 402, 532],
         [575, 383, 415,  ...,  49, 390, 328]],

        [[543, 122, 267,  ..., 163, 206, 331],
         [597,  91, 234,  ..., 172, 197, 227],
         [265, 254,  54,  ...,  63, 545, 351],
         [344, 323,  32,  ..., 135, 400, 283],
         [565, 200, 398,  ..., 386, 385,  64]],

        [[358, 383, 293,  ...,  88, 415, 152],
         [ 60, 339, 473,  ...,  35, 332, 522],
         [200, 578, 557,  ..., 437,  23, 266],
         [ 53, 165, 122,  ..., 209, 119, 316],
         [338, 176,  15,  ..., 555, 505, 539]]], device='cuda:0')], 'novel_run_classes_5': [tensor([[ 9,  4, 17, 10, 19],
        [10, 12,  3, 17,  4],
        [ 5,  0, 15, 11, 17],
        ...,
        [10, 12, 18, 16,  6],
        [ 1, 12, 11,  8,  7],
        [ 8, 19,  1,  3,  4]], device='cuda:0')], 'novel_run_indices_5': [tensor([[[405, 456, 523,  ..., 157, 578, 465],
         [  6,  15, 441,  ...,  98, 221, 410],
         [423, 398, 415,  ..., 452, 425, 210],
         [399,  90, 583,  ..., 336, 555, 213],
         [452, 217, 459,  ..., 262, 193,   2]],

        [[549, 516, 120,  ..., 493, 471, 116],
         [453, 305, 213,  ...,  17,  53, 197],
         [278, 161, 136,  ..., 240, 438,   1],
         [453,  26, 181,  ..., 436, 552, 217],
         [529, 401, 548,  ..., 479, 538, 515]],

        [[453, 135, 365,  ..., 188,  95, 461],
         [468, 439, 396,  ..., 294, 283,  57],
         [529, 415, 569,  ..., 483, 337, 333],
         [492,  98, 383,  ..., 379, 381, 294],
         [447, 569, 555,  ...,  91, 328, 577]],

        ...,

        [[463,  40, 294,  ..., 395, 201, 442],
         [450, 225, 406,  ..., 597, 444, 482],
         [571, 423, 274,  ..., 212,  76, 233],
         [572, 125, 368,  ..., 344, 383,  27],
         [315, 259, 142,  ..., 417, 369, 288]],

        [[ 46, 167, 214,  ..., 136, 484, 500],
         [598, 227, 290,  ..., 467, 523, 516],
         [412, 113, 351,  ...,  82, 406, 484],
         [433,   1, 573,  ..., 173, 392, 376],
         [239, 306, 514,  ..., 311, 202, 104]],

        [[160, 249, 209,  ..., 231, 155,  45],
         [129, 263,  21,  ..., 232, 296, 503],
         [432, 169, 252,  ..., 254,  60, 263],
         [512, 311, 116,  ..., 274, 494,   7],
         [436, 141, 351,  ..., 133, 167,   5]]], device='cuda:0')], 'best_val_acc_5': [0.4380240049958229], 'best_val_acc_1': [0.3369413381814957], 'best_val_acc_5_ever': [0.4380240049958229], 'best_val_acc_1_ever': [0.3369413381814957], 'best_test_acc_5': [0.4660386729240418], 'best_test_acc_1': [0.35657067149877547]}
Namespace(batch_size=128, dataset='MiniImageNet', dataset_device='cuda:0', dataset_path='/users/local/datasets/', dataset_size=-1, deterministic=False, device='cuda:0', devices=[0], episodes_per_epoch=100, episodic=False, epochs=120, feature_maps=64, gamma=0.2, load_model='', lr=0.1, manifold_mixup=0, milestones='[]', mixup=False, model='resnet12', n_queries=15, n_runs=10000, n_shots=1, n_ways=5, ncm_loss=False, output='results/res13.csv', preprocessing='EME', quiet=False, rotations=False, runs=1, save_features='features/proj_feat', save_model='', seed=100102830, skip_epochs=0, temperature=1.0, test_features='')Namespace(batch_size=128, dataset='MiniImageNet', dataset_device='cuda:0', dataset_path='/users/local/datasets/', dataset_size=-1, deterministic=False, device='cuda:0', devices=[0], episodes_per_epoch=100, episodic=False, epochs=1, feature_maps=64, gamma=0.2, load_model='', lr=0.1, manifold_mixup=0, milestones='[]', mixup=False, model='resnet12', n_queries=15, n_runs=10000, n_shots=1, n_ways=5, ncm_loss=False, output='results/res13.csv', preprocessing='EME', quiet=False, rotations=False, runs=1, save_features='features/proj_feat', save_model='', seed=476486179, skip_epochs=0, temperature=1.0, test_features='')Namespace(batch_size=128, dataset='MiniImageNet', dataset_device='cuda:0', dataset_path='/users/local/datasets/', dataset_size=-1, deterministic=False, device='cuda:0', devices=[0], episodes_per_epoch=100, episodic=False, epochs=1, feature_maps=64, gamma=0.2, load_model='', lr=0.1, manifold_mixup=0, milestones='[]', mixup=False, model='resnet12', n_queries=15, n_runs=10000, n_shots=1, n_ways=5, ncm_loss=False, output='results/res13.csv', preprocessing='EME', quiet=False, rotations=False, runs=1, save_features='features/proj_feat', save_model='', seed=607563316, skip_epochs=0, temperature=1.0, test_features=''), {'val_run_classes_1': [tensor([[ 4,  0,  5, 10,  7],
        [ 2,  1, 15,  3, 11],
        [ 8, 12, 10,  7, 11],
        ...,
        [15,  5,  2, 10,  8],
        [ 4, 11,  6, 10, 12],
        [ 5,  1,  0,  4, 11]], device='cuda:0')], 'val_run_indices_1': [tensor([[[320, 519, 155,  ..., 537, 385, 258],
         [115,  43, 436,  ..., 563, 431, 153],
         [484, 488, 398,  ..., 450, 467, 508],
         [501, 330, 259,  ..., 141, 504,  36],
         [358, 535, 301,  ...,  84, 295, 136]],

        [[134, 414, 361,  ..., 548, 192,  15],
         [203, 429, 427,  ..., 476, 139,  45],
         [208,  40, 523,  ..., 477, 456, 239],
         [466, 287, 436,  ..., 364, 211, 256],
         [576, 244, 400,  ..., 463, 488, 562]],

        [[242, 465, 145,  ..., 400, 564, 157],
         [482, 397,  12,  ...,   4, 291,  56],
         [391, 420,  74,  ...,  21,  91, 147],
         [220, 299, 483,  ..., 243, 444, 343],
         [ 72, 288, 106,  ..., 259,  43, 320]],

        ...,

        [[323, 119, 277,  ..., 280, 144, 595],
         [161, 512, 102,  ...,  35, 542, 248],
         [ 26, 553, 123,  ..., 450, 127, 588],
         [359, 453, 248,  ..., 448,  21, 139],
         [ 67,  30,  52,  ..., 465,  80, 117]],

        [[327,  27, 388,  ...,  28,  69, 441],
         [242, 144, 223,  ..., 213, 346, 118],
         [ 97, 109, 412,  ..., 508,  25, 202],
         [139, 189,  81,  ..., 295, 100, 175],
         [142, 580, 119,  ..., 416, 490, 377]],

        [[299, 211, 444,  ..., 196, 593, 342],
         [263, 212,  82,  ..., 585,  50,  44],
         [155, 584, 246,  ..., 309, 286, 361],
         [111, 326,  37,  ..., 329,  72, 578],
         [467, 232,  96,  ..., 594, 299, 114]]], device='cuda:0')], 'novel_run_classes_1': [tensor([[ 0, 18,  2, 19,  1],
        [ 5, 10, 18,  4,  0],
        [12, 14, 19, 15, 18],
        ...,
        [10,  3,  1,  5, 19],
        [11,  5, 19, 16,  8],
        [ 1,  3, 16, 10, 11]], device='cuda:0')], 'novel_run_indices_1': [tensor([[[210, 320, 382,  ...,  95, 466, 201],
         [ 61, 508, 384,  ..., 379,  39, 226],
         [ 49, 213, 340,  ..., 304, 258,  93],
         [479, 453, 420,  ..., 114, 399, 548],
         [256,  86, 249,  ..., 429, 457, 201]],

        [[360,  99, 409,  ...,   0, 189, 182],
         [407, 429, 522,  ..., 302, 360, 406],
         [238, 281, 306,  ..., 196, 564, 382],
         [380, 537, 465,  ..., 578, 332, 544],
         [ 54,  40, 209,  ...,  10,  97, 363]],

        [[249, 104, 225,  ..., 268, 140, 330],
         [553, 435, 115,  ..., 363, 261, 230],
         [412, 154, 308,  ..., 440, 271, 132],
         [ 51, 581, 597,  ..., 442, 266, 282],
         [ 81, 373, 362,  ..., 234, 226, 388]],

        ...,

        [[192, 348, 300,  ..., 497, 330, 188],
         [487, 482, 595,  ..., 294, 176,  35],
         [117, 360,  62,  ..., 280, 345,  80],
         [384, 393, 105,  ...,  77, 480, 275],
         [146, 337, 288,  ..., 345, 320, 445]],

        [[349, 536, 598,  ..., 324, 270,  42],
         [274, 152, 435,  ..., 495, 336, 554],
         [140, 139,  63,  ..., 221, 105,  65],
         [ 80, 457, 113,  ..., 463,  73, 131],
         [104,  76, 387,  ..., 442,  31, 454]],

        [[224,  46, 502,  ..., 598, 531, 258],
         [234, 176,  18,  ..., 279, 111, 595],
         [113, 520, 291,  ..., 236, 133, 356],
         [582, 349, 255,  ...,  80, 599, 109],
         [ 45, 589, 321,  ...,   5, 277, 229]]], device='cuda:0')], 'val_run_classes_5': [tensor([[ 5, 14,  6,  7, 15],
        [11,  8, 12, 15,  2],
        [12, 10,  7,  0,  6],
        ...,
        [ 2, 14,  3,  9,  6],
        [14,  0,  8,  3,  7],
        [ 5,  2, 13, 11,  4]], device='cuda:0')], 'val_run_indices_5': [tensor([[[264, 580, 341,  ..., 393, 438, 518],
         [ 43, 108, 517,  ..., 207, 374, 144],
         [240, 147, 277,  ..., 329, 444, 303],
         [383, 374, 432,  ..., 321, 468, 258],
         [511, 406, 281,  ..., 165, 395, 542]],

        [[465,  89, 422,  ..., 220, 253, 152],
         [559,   8, 270,  ..., 381, 447, 548],
         [455, 260,  95,  ..., 346,  83,  10],
         [183, 471, 584,  ..., 574, 348, 130],
         [129, 248,  31,  ..., 222, 175, 533]],

        [[292, 288, 178,  ..., 551, 228,  38],
         [470, 117, 330,  ..., 250, 336, 490],
         [191, 390, 340,  ..., 419, 515,  71],
         [118, 410, 358,  ..., 270, 362, 187],
         [554, 289, 374,  ..., 355, 587,   0]],

        ...,

        [[458,   7, 229,  ..., 599, 404, 426],
         [103, 488, 270,  ..., 520,  20, 320],
         [304,  76, 178,  ...,  55, 231, 515],
         [168, 294, 378,  ..., 480, 238, 153],
         [540, 207, 184,  ...,  20, 581, 466]],

        [[397, 551,  81,  ...,  77, 439, 314],
         [401,  85, 595,  ..., 387, 229, 166],
         [201, 261, 188,  ..., 205, 110,  11],
         [294, 392, 329,  ..., 459, 473, 598],
         [ 19,  75, 597,  ...,  78, 588, 535]],

        [[194, 357, 261,  ...,  92,  37, 506],
         [168, 479, 430,  ..., 426,  39, 474],
         [310, 518, 592,  ..., 113,  31, 395],
         [245, 451, 270,  ..., 509, 276, 593],
         [210,  78, 311,  ..., 509, 286,  30]]], device='cuda:0')], 'novel_run_classes_5': [tensor([[ 9,  6,  2, 19, 17],
        [11, 16,  5, 17,  9],
        [12, 19, 10,  5, 11],
        ...,
        [ 8,  1, 18, 17,  2],
        [14,  8,  2,  1, 11],
        [ 5, 13,  0,  2, 10]], device='cuda:0')], 'novel_run_indices_5': [tensor([[[ 13, 532,  80,  ..., 121, 488, 542],
         [404, 525,  94,  ..., 211,   4, 182],
         [242, 594,   9,  ..., 356, 330, 562],
         [165, 560, 319,  ..., 331, 137, 223],
         [388, 415, 209,  ...,  20, 172, 245]],

        [[272, 246, 199,  ...,   0, 558, 191],
         [568, 562,  92,  ..., 154, 192, 577],
         [255, 259, 276,  ...,  59, 333, 319],
         [266, 425, 431,  ..., 206, 107, 152],
         [ 94, 426, 278,  ..., 294, 461, 176]],

        [[ 56, 145, 564,  ..., 223, 303, 186],
         [208,  51, 338,  ..., 200, 431, 286],
         [580,  19, 143,  ..., 507,  28, 304],
         [297, 200, 186,  ..., 174, 595, 256],
         [286, 352, 146,  ..., 532, 227, 465]],

        ...,

        [[252,  56, 552,  ..., 110, 254, 416],
         [430, 101, 186,  ..., 571, 512, 252],
         [163, 164, 358,  ..., 229, 486, 141],
         [449, 518, 459,  ...,   8,  62, 559],
         [211,  42, 414,  ..., 125, 124,  80]],

        [[  5, 572, 382,  ...,  81, 269,  13],
         [505, 336,  19,  ..., 378, 393,  75],
         [348,  55, 124,  ..., 549, 207, 598],
         [ 12, 568,   9,  ..., 383, 396, 156],
         [181, 504, 123,  ..., 296, 117, 590]],

        [[118, 348, 245,  ..., 115, 341, 522],
         [365,  80,  24,  ..., 225, 168,  49],
         [365,  36, 142,  ..., 210, 152, 485],
         [143, 189, 594,  ..., 173,  25,  96],
         [143, 199, 451,  ..., 537, 430, 545]]], device='cuda:0')], 'best_val_acc_5': [0.45100933849811553], 'best_val_acc_1': [0.3482533374428749], 'best_val_acc_5_ever': [0.45100933849811553], 'best_val_acc_1_ever': [0.3482533374428749], 'best_test_acc_5': [0.480572005212307], 'best_test_acc_1': [0.36762267112731933]}
Namespace(batch_size=128, dataset='MiniImageNet', dataset_device='cuda:0', dataset_path='/users/local/datasets/', dataset_size=-1, deterministic=False, device='cuda:0', devices=[0], episodes_per_epoch=100, episodic=False, epochs=120, feature_maps=64, gamma=0.2, load_model='', lr=0.1, manifold_mixup=0, milestones='[]', mixup=False, model='resnet12', n_queries=15, n_runs=10000, n_shots=1, n_ways=5, ncm_loss=False, output='results/res13.csv', preprocessing='EME', quiet=False, rotations=False, runs=1, save_features='features/proj_feat', save_model='', seed=485494836, skip_epochs=0, temperature=1.0, test_features='')Namespace(batch_size=128, dataset='MiniImageNet', dataset_device='cuda:0', dataset_path='/users/local/datasets/', dataset_size=-1, deterministic=False, device='cuda:0', devices=[0], episodes_per_epoch=100, episodic=False, epochs=1, feature_maps=64, gamma=0.2, load_model='', lr=0.1, manifold_mixup=0, milestones='[]', mixup=False, model='resnet12', n_queries=15, n_runs=10000, n_shots=1, n_ways=5, ncm_loss=False, output='results/res13.csv', preprocessing='EME', quiet=False, rotations=False, runs=1, save_features='features/proj_feat', save_model='', seed=37626963, skip_epochs=0, temperature=1.0, test_features=''), {'val_run_classes_1': [tensor([[ 7,  8, 15, 10,  0],
        [ 2,  8,  1,  7, 10],
        [ 7, 15,  1,  3,  2],
        ...,
        [ 9, 14, 12, 13,  7],
        [ 1, 11,  4, 15,  9],
        [ 1,  2,  0,  3,  4]], device='cuda:0')], 'val_run_indices_1': [tensor([[[549,  86, 273,  ...,  12, 332, 186],
         [532, 455, 380,  ..., 154, 314, 590],
         [460,  29, 105,  ..., 163, 416,  50],
         [400, 597,   6,  ..., 248, 393, 555],
         [  6, 325, 293,  ...,  42,  23, 231]],

        [[347, 560,   2,  ..., 113,  80, 159],
         [399, 406,  37,  ...,  42, 195,  38],
         [138, 454, 489,  ..., 101, 449, 226],
         [439, 290, 105,  ..., 176, 432, 541],
         [330, 598, 548,  ..., 127, 178, 218]],

        [[586, 507, 277,  ..., 246, 303, 156],
         [596, 158, 272,  ..., 138, 327, 451],
         [  8, 422, 540,  ..., 584, 178,  17],
         [421, 429, 536,  ..., 599,  82, 329],
         [ 91, 361, 453,  ..., 119, 499, 142]],

        ...,

        [[431,   1, 214,  ..., 478, 501, 109],
         [221, 520, 339,  ..., 418, 357, 212],
         [452,  84, 426,  ...,  71, 270, 397],
         [124, 226, 279,  ..., 485, 155, 240],
         [533, 364, 155,  ..., 280, 172,  26]],

        [[332, 485, 203,  ...,  94, 317, 145],
         [384, 581, 125,  ..., 315, 214, 154],
         [344, 284, 113,  ..., 544, 353, 338],
         [152, 373, 145,  ..., 142, 583, 185],
         [311, 320, 468,  ..., 579, 338,  36]],

        [[253, 168, 375,  ..., 554, 163, 447],
         [181, 540, 341,  ...,  14, 322, 102],
         [436,  70, 406,  ..., 369, 476,  59],
         [479,  77, 116,  ..., 316,   0, 272],
         [101,  55,  22,  ..., 586, 255, 396]]], device='cuda:0')], 'novel_run_classes_1': [tensor([[ 5, 12, 19, 18,  6],
        [13,  9, 18, 15, 11],
        [ 0,  9,  8,  4, 12],
        ...,
        [ 7,  9, 19, 10, 17],
        [11,  0, 14,  8, 10],
        [ 5,  1,  9, 10, 14]], device='cuda:0')], 'novel_run_indices_1': [tensor([[[259, 320, 273,  ..., 222, 447, 500],
         [337, 463, 114,  ...,   6, 168, 306],
         [595,  62, 186,  ..., 343,  22, 388],
         [541, 547, 231,  ..., 376, 298, 144],
         [413, 483, 430,  ..., 197, 207, 480]],

        [[135, 588, 506,  ..., 352,  92, 478],
         [299, 479, 128,  ...,  44, 378, 274],
         [380, 407, 531,  ..., 404, 540,   9],
         [298, 324, 410,  ..., 453, 147, 283],
         [417, 190, 444,  ..., 178, 138, 577]],

        [[567, 135, 435,  ..., 442, 109, 274],
         [ 72, 277, 540,  ..., 145, 531, 368],
         [169, 540, 588,  ..., 195, 574, 586],
         [151, 125, 169,  ..., 347, 228, 339],
         [437, 205, 585,  ..., 293, 576,  14]],

        ...,

        [[485, 401, 457,  ..., 265, 497, 311],
         [349, 279, 527,  ..., 225, 543,  64],
         [480,  43, 117,  ..., 357, 251, 574],
         [ 92, 321, 525,  ..., 262, 280, 436],
         [180, 176, 510,  ...,  48, 346, 264]],

        [[155,  20, 204,  ..., 565, 563, 373],
         [267, 395, 153,  ..., 139,  63, 525],
         [127, 389,  12,  ...,  97,  79, 275],
         [155, 537, 165,  ..., 538, 554, 354],
         [ 32, 414, 419,  ..., 255, 234,  36]],

        [[487, 569, 346,  ..., 282, 182, 208],
         [377, 254, 111,  ..., 123, 357,  71],
         [105, 380, 258,  ..., 163, 270, 305],
         [563, 110, 503,  ...,  52, 505, 426],
         [356, 334, 411,  ..., 194, 277,  24]]], device='cuda:0')], 'val_run_classes_5': [tensor([[10,  8, 13, 15,  1],
        [ 8,  5,  7,  3, 15],
        [11, 10,  3,  1, 15],
        ...,
        [12,  5, 14,  2,  1],
        [10, 15,  4, 11,  7],
        [ 1, 15,  4, 14, 11]], device='cuda:0')], 'val_run_indices_5': [tensor([[[131, 508, 181,  ..., 111, 359,  43],
         [117,  54, 501,  ..., 426,  25, 452],
         [550, 137, 445,  ..., 478,  17,  64],
         [163, 484, 137,  ..., 291, 308, 490],
         [273, 303, 442,  ...,  72, 543, 405]],

        [[289,  45, 564,  ..., 563, 320, 145],
         [ 74, 397, 224,  ..., 392, 407, 438],
         [559,  73, 487,  ..., 461, 180, 111],
         [236, 252, 588,  ..., 143, 337, 584],
         [359, 144, 294,  ...,  42, 561, 467]],

        [[204, 443, 380,  ..., 517, 580, 526],
         [512,   1,  48,  ..., 502, 165, 415],
         [ 62, 569, 266,  ..., 481, 370,  74],
         [546,  69,  20,  ..., 134, 593, 353],
         [174, 407, 464,  ..., 160, 431, 472]],

        ...,

        [[188, 218, 582,  ..., 137, 233, 174],
         [477, 154, 407,  ..., 110, 456, 220],
         [165, 261, 298,  ..., 267, 307, 398],
         [240, 533, 267,  ...,  41, 408, 270],
         [ 37, 428, 216,  ..., 461, 452, 498]],

        [[314, 455, 168,  ..., 364, 437, 508],
         [115,  46, 101,  ..., 595, 536,  81],
         [403, 497, 156,  ..., 308, 578, 463],
         [ 66,  49,  99,  ..., 561, 376, 388],
         [493, 506, 301,  ..., 425, 351, 570]],

        [[435, 344, 284,  ..., 593, 325, 164],
         [  9, 559, 430,  ..., 428, 452, 436],
         [ 46, 291, 113,  ..., 362, 420,   4],
         [ 80, 586, 269,  ..., 408, 268, 500],
         [221,  55, 490,  ..., 287, 275, 389]]], device='cuda:0')], 'novel_run_classes_5': [tensor([[ 0,  4,  8,  7,  2],
        [ 1,  9,  6,  3, 12],
        [ 5,  9,  6,  4, 15],
        ...,
        [ 2, 14,  1,  7,  4],
        [ 9,  2, 10,  4, 15],
        [14, 13,  5,  9, 19]], device='cuda:0')], 'novel_run_indices_5': [tensor([[[169, 134, 241,  ..., 533,  24, 112],
         [389, 146, 398,  ..., 491, 199, 202],
         [308, 160, 306,  ..., 169, 215,  64],
         [132, 228, 160,  ..., 298, 347, 243],
         [214, 352, 491,  ..., 259, 114, 111]],

        [[100,  76, 462,  ..., 463, 197, 599],
         [566, 228, 588,  ...,   3, 307, 190],
         [441, 300,  55,  ..., 269,  19,   9],
         [ 17,  24, 559,  ..., 197, 412, 269],
         [371, 479, 204,  ..., 178, 457, 304]],

        [[534, 140, 536,  ..., 385,  88, 165],
         [179, 208, 374,  ..., 206,  69,   3],
         [494, 496, 423,  ..., 558, 430, 308],
         [270, 362, 308,  ..., 339, 387, 465],
         [ 24, 374, 475,  ..., 393, 176, 355]],

        ...,

        [[246, 241, 477,  ..., 442, 224, 387],
         [179, 163, 548,  ..., 596,  46, 485],
         [333, 390, 175,  ..., 395, 544, 330],
         [ 49, 414, 505,  ..., 103,  20, 400],
         [398, 595,  68,  ..., 432, 527, 360]],

        [[243, 438, 372,  ..., 327, 416, 125],
         [ 56, 437,  65,  ..., 594, 459, 370],
         [539, 416, 307,  ..., 411,  25,  10],
         [209, 256, 497,  ..., 472,  40, 142],
         [220, 583, 139,  ..., 231, 542, 398]],

        [[479, 498, 577,  ..., 279, 248, 597],
         [147, 401, 412,  ..., 108, 598, 245],
         [245, 481,  83,  ..., 174, 295, 373],
         [153, 368, 219,  ..., 304,  49, 534],
         [320, 425, 261,  ..., 334, 544, 286]]], device='cuda:0')], 'best_val_acc_5': [0.4438746711611748], 'best_val_acc_1': [0.3440360051393509], 'best_val_acc_5_ever': [0.4438746711611748], 'best_val_acc_1_ever': [0.3440360051393509], 'best_test_acc_5': [0.470384005010128], 'best_test_acc_1': [0.36158267080783846]}
Namespace(batch_size=128, dataset='MiniImageNet', dataset_device='cuda:0', dataset_path='/users/local/datasets/', dataset_size=-1, deterministic=False, device='cuda:0', devices=[0], episodes_per_epoch=100, episodic=False, epochs=120, feature_maps=64, gamma=0.2, load_model='', lr=0.1, manifold_mixup=0, milestones='[]', mixup=False, model='resnet12', n_queries=15, n_runs=10000, n_shots=1, n_ways=5, ncm_loss=False, output='results/res13.csv', preprocessing='EME', quiet=False, rotations=False, runs=1, save_features='features/proj_feat', save_model='', seed=868229466, skip_epochs=0, temperature=1.0, test_features=''), {'val_run_classes_1': [tensor([[ 1,  4, 15,  0,  3],
        [ 1, 12, 14,  9,  6],
        [ 9,  6,  1, 13,  0],
        ...,
        [ 8, 14,  7, 13, 10],
        [ 9,  5, 14, 10,  8],
        [13, 14,  1,  9,  5]], device='cuda:0')], 'val_run_indices_1': [tensor([[[552, 519, 399,  ..., 584, 144, 279],
         [168, 167, 135,  ..., 210, 322, 457],
         [ 93,  19, 108,  ..., 143,  18, 494],
         [ 54, 555, 270,  ..., 596, 421, 453],
         [400, 226, 383,  ..., 434, 293, 177]],

        [[334, 339, 511,  ..., 148, 482, 516],
         [474,  71, 489,  ..., 428, 308, 205],
         [328, 501, 425,  ..., 242, 577, 583],
         [425, 363, 543,  ..., 357, 455, 262],
         [521, 238,  67,  ..., 300,  68, 330]],

        [[117, 190, 264,  ...,   1, 554, 388],
         [115, 125, 537,  ..., 264,  82, 310],
         [370, 518, 170,  ..., 490, 175, 561],
         [ 27, 226,  59,  ..., 206, 144,  75],
         [176, 357, 445,  ..., 396,  23, 468]],

        ...,

        [[572, 193, 285,  ..., 421, 124, 545],
         [133, 412,  43,  ...,  56,  21,  61],
         [368,  58, 471,  ..., 287, 339, 155],
         [226, 223, 336,  ..., 241, 369, 542],
         [  3, 483, 235,  ..., 443, 226, 417]],

        [[ 93, 160, 334,  ...,  88, 180, 592],
         [302,  11, 480,  ..., 476, 400, 319],
         [354, 571, 586,  ..., 549, 272, 139],
         [320, 365, 349,  ..., 503, 107, 420],
         [ 79,  61,  55,  ..., 298, 126, 469]],

        [[ 16, 231, 446,  ..., 571, 400,  70],
         [493, 396, 181,  ..., 412, 259, 293],
         [313,   4, 167,  ...,  19, 386,  43],
         [524, 175, 193,  ...,  63, 573,  39],
         [ 35, 170, 270,  ..., 516, 566, 282]]], device='cuda:0')], 'novel_run_classes_1': [tensor([[18, 12,  5,  0,  1],
        [10, 14, 16,  1, 13],
        [16,  7, 18,  5,  3],
        ...,
        [ 6, 19, 13,  4,  1],
        [ 2, 17,  0, 16,  1],
        [13,  6,  2, 10, 19]], device='cuda:0')], 'novel_run_indices_1': [tensor([[[506, 115, 593,  ..., 458, 215, 370],
         [318, 464, 408,  ...,   0, 157,   5],
         [300, 121,  92,  ..., 386, 541, 579],
         [274, 120, 182,  ...,  93, 233, 156],
         [530, 290, 157,  ..., 488, 179, 516]],

        [[ 86,  49,  48,  ..., 599, 451, 554],
         [345, 501, 299,  ..., 375, 173, 456],
         [452, 497, 523,  ..., 306, 512,  36],
         [331, 385, 487,  ...,  88, 421, 441],
         [238, 336, 571,  ...,  70, 506, 489]],

        [[189, 591, 177,  ..., 539,  50, 358],
         [309, 136, 269,  ..., 578, 525,   5],
         [333,  95, 285,  ..., 547, 255, 233],
         [ 23, 193, 463,  ..., 557,  57, 362],
         [283,  65, 250,  ..., 359, 260, 414]],

        ...,

        [[590, 272, 247,  ..., 454, 542, 345],
         [325, 246, 516,  ..., 281, 186, 132],
         [107, 220, 260,  ..., 524, 166, 273],
         [226, 235, 320,  ..., 190, 296, 160],
         [561, 563,  98,  ..., 593, 531, 366]],

        [[324, 378, 420,  ..., 277, 126, 572],
         [462, 583, 340,  ...,  86, 545, 272],
         [217, 440, 180,  ...,  47, 359, 567],
         [329, 301, 317,  ..., 163,  84, 528],
         [ 89, 404, 364,  ..., 463, 237, 438]],

        [[ 32, 338, 237,  ..., 266, 479, 128],
         [115, 364, 204,  ..., 475,  24, 221],
         [215, 538, 442,  ..., 131, 591, 529],
         [197, 150, 105,  ..., 242, 481, 458],
         [344, 446, 416,  ..., 482,  91, 275]]], device='cuda:0')], 'val_run_classes_5': [tensor([[ 6,  5,  9, 10, 14],
        [11,  0, 14, 13, 15],
        [ 7,  4,  3, 11,  9],
        ...,
        [ 4, 12, 15,  8,  9],
        [10,  8, 15,  2,  4],
        [15,  7, 12,  1,  6]], device='cuda:0')], 'val_run_indices_5': [tensor([[[202, 220, 273,  ..., 101, 358, 590],
         [114, 496, 106,  ..., 599, 411, 252],
         [223, 578,  63,  ..., 481, 532, 245],
         [371, 473, 590,  ..., 559, 294,   7],
         [179, 175, 456,  ..., 367, 414, 151]],

        [[308,  92, 118,  ..., 154, 568, 101],
         [496, 160, 455,  ..., 196, 450, 592],
         [497, 242, 441,  ..., 443, 394,  60],
         [327, 496, 254,  ..., 560,  79, 220],
         [143, 321, 107,  ..., 177, 585,  48]],

        [[188, 570, 275,  ..., 487, 295, 595],
         [439, 139, 464,  ..., 460, 450, 125],
         [ 10, 134, 156,  ...,  54, 331, 128],
         [148, 500, 182,  ...,  57, 484, 132],
         [186,  58, 100,  ..., 220,  41, 366]],

        ...,

        [[146, 550, 192,  ..., 401, 231, 542],
         [112, 569, 153,  ...,  88, 489,  52],
         [440, 497, 164,  ..., 430,  95, 206],
         [447,  24,  31,  ..., 318,  72, 535],
         [551, 203,  93,  ..., 447, 546, 550]],

        [[556, 480, 108,  ..., 205, 301, 217],
         [ 61, 378, 147,  ..., 339, 419, 358],
         [301, 210, 353,  ...,  52, 383, 412],
         [510, 322, 330,  ...,  38, 494,  68],
         [434, 129, 116,  ...,  80, 406, 499]],

        [[184, 337, 175,  ..., 375, 266, 342],
         [330, 290, 370,  ..., 519, 436, 457],
         [168, 419, 224,  ..., 273, 171,  22],
         [219, 165, 366,  ..., 535, 431, 501],
         [118, 289, 528,  ..., 417, 398, 456]]], device='cuda:0')], 'novel_run_classes_5': [tensor([[ 1,  6,  4, 18,  9],
        [14,  2, 12, 15,  6],
        [14, 19,  3,  2,  8],
        ...,
        [14, 12, 10,  9, 18],
        [19,  1, 14,  0,  4],
        [19,  8, 16, 15,  2]], device='cuda:0')], 'novel_run_indices_5': [tensor([[[422, 327, 161,  ..., 356, 181, 537],
         [498, 183,  39,  ..., 315, 457, 280],
         [395, 503,  28,  ...,  31, 379,  52],
         [168, 141,  56,  ..., 331, 121, 254],
         [ 84, 149, 407,  ..., 376, 594, 503]],

        [[ 62,  31, 356,  ..., 159, 463, 350],
         [149, 130, 492,  ..., 263,  72,  63],
         [ 80, 312,  54,  ..., 239, 196, 188],
         [542, 167, 427,  ..., 568, 599,  69],
         [370, 299, 307,  ..., 128, 483, 339]],

        [[151, 102, 473,  ..., 570, 219, 163],
         [472, 334, 353,  ..., 199, 328, 565],
         [187, 281, 405,  ..., 549, 226, 478],
         [272, 149, 543,  ..., 322, 251, 100],
         [106, 542, 489,  ..., 294, 148, 266]],

        ...,

        [[226,  21, 450,  ..., 359, 579, 180],
         [ 78, 192, 167,  ..., 228, 235, 344],
         [491, 217, 387,  ..., 243,  87,  45],
         [446, 518,  27,  ..., 126, 539, 344],
         [225, 323, 531,  ..., 382, 399, 593]],

        [[532, 238, 326,  ..., 224, 235, 113],
         [159, 110, 400,  ..., 556,  39, 223],
         [267,  32,  11,  ..., 283, 516, 298],
         [329, 183,  36,  ..., 233, 250, 106],
         [576, 530, 417,  ..., 198, 381, 468]],

        [[531, 119, 237,  ..., 230, 474, 482],
         [453, 117, 488,  ..., 365, 411, 131],
         [168, 210, 121,  ..., 378, 299, 321],
         [598, 534, 271,  ..., 125,  92, 190],
         [513, 216, 468,  ..., 550, 359, 572]]], device='cuda:0')], 'best_val_acc_5': [0.7774293404817582], 'best_val_acc_1': [0.613250675201416], 'best_val_acc_5_ever': [0.7774293404817582], 'best_val_acc_1_ever': [0.613250675201416], 'best_test_acc_5': [0.7686120074987411], 'best_test_acc_1': [0.5965640068054199]}
